﻿Designator,Quantity,Value,Footprint,Package,MPN,DNP,Mount_Type,Description,MF,Description_1,Price,SnapEDA_Link,MP,Availability,Check_prices
"C1, C10, C11, C2, C3, C4, C5, C6, C7, C8, C9",11,100nF,C_0603_1608Metric,0603 (1608 Metric),,,smt,"Unpolarized capacitor, small symbol",,,,,,,
C12,1,1uF,C_0603_1608Metric,0603 (1608 Metric),,,smt,"Unpolarized capacitor, small symbol",,,,,,,
C13,1,47uF,C_0603_1608Metric,0603 (1608 Metric),,,smt,"Unpolarized capacitor, small symbol",,,,,,,
C14,1,10uF,C_0603_1608Metric,0603 (1608 Metric),,,smt,"Unpolarized capacitor, small symbol",,,,,,,
J1,1,GPIO_Conn_02x20_Odd_Even,PinHeader_2x20_P2.54mm_Vertical,"2x20 Pin Header, 2.54mm Pitch",TSW-110-14-L-D,,tht,"Generic connector, double row, 02x20, odd/even pin numbering scheme (row 1 odd numbers, row 2 even numbers), script generated (kicad-library-utils/schlib/autogen/connector/)",,,,,,,
"R1, R2, R3, R4, R5, R6, R7, R8",8,100,R_0603_1608Metric,0603 (1608 Metric),,,smt,Resistor,,,,,,,
"R12, R13, R14",3,22,R_0603_1608Metric,0603 (1608 Metric),,,smt,Resistor,,,,,,,
R9,1,10k0,R_0603_1608Metric,0603 (1608 Metric),,,smt,Resistor,,,,,,,
"U1, U3, U4, U5, U6, U7, U8, U9",8,IM73D122V01,IM73D122V01,LGA-5,IM73D122V01XTMA1,,smt,,,,,,,,
U10,1,TPS7A4700RGWT,RGW0020A-IPC_A,VQFN-20,TPS7A4700RGWT,,smt,,,,,,,,
U2,1,ADAU7118,LFCSP-16,None,ADAU7118ACPZRL,,smt,,Analog Devices,PDM to I2S/TDM Converter 192ksps 24bit 16-Pin LFCSP EP T/R,None,https://www.snapeda.com/parts/ADAU7118/Analog+Devices/view-part/?ref=snap,ADAU7118,Not in stock,https://www.snapeda.com/parts/ADAU7118/Analog+Devices/view-part/?ref=eda
