﻿pos_x,pos_y,rotation,side,designator,mpn,pack,footprint,value,mount_type
151.286625,-297.999999,180.0,top,C1,,0603 (1608 Metric),C_0603_1608Metric,100nF,smt
423.0192,-304.0,90.0,top,C10,,0603 (1608 Metric),C_0603_1608Metric,100nF,smt
424.5,-298.275,90.0,top,C11,,0603 (1608 Metric),C_0603_1608Metric,100nF,smt
419.065,-305.0,180.0,top,C12,,0603 (1608 Metric),C_0603_1608Metric,1uF,smt
416.615,-297.0,180.0,top,C13,,0603 (1608 Metric),C_0603_1608Metric,47uF,smt
416.065,-305.0,180.0,top,C14,,0603 (1608 Metric),C_0603_1608Metric,10uF,smt
236.286625,-297.999999,180.0,top,C2,,0603 (1608 Metric),C_0603_1608Metric,100nF,smt
321.286625,-297.999999,180.0,top,C3,,0603 (1608 Metric),C_0603_1608Metric,100nF,smt
406.275,-298.0,180.0,top,C4,,0603 (1608 Metric),C_0603_1608Metric,100nF,smt
491.236625,-297.999999,180.0,top,C5,,0603 (1608 Metric),C_0603_1608Metric,100nF,smt
576.236625,-297.999999,180.0,top,C6,,0603 (1608 Metric),C_0603_1608Metric,100nF,smt
661.236625,-297.999999,180.0,top,C7,,0603 (1608 Metric),C_0603_1608Metric,100nF,smt
746.236625,-297.999999,180.0,top,C8,,0603 (1608 Metric),C_0603_1608Metric,100nF,smt
423.0192,-300.725,90.0,top,C9,,0603 (1608 Metric),C_0603_1608Metric,100nF,smt
481.43881,-299.5,-90.0,top,J1,TSW-110-14-L-D,"2x20 Pin Header, 2.54mm Pitch",PinHeader_2x20_P2.54mm_Vertical,GPIO_Conn_02x20_Odd_Even,tht
148.175,-298.0,180.0,top,R1,,0603 (1608 Metric),R_0603_1608Metric,100,smt
420.325,-308.5,180.0,top,R12,,0603 (1608 Metric),R_0603_1608Metric,22,smt
431.825,-310.0,0.0,top,R13,,0603 (1608 Metric),R_0603_1608Metric,22,smt
430.5,-301.825,90.0,top,R14,,0603 (1608 Metric),R_0603_1608Metric,22,smt
233.186625,-297.999999,180.0,top,R2,,0603 (1608 Metric),R_0603_1608Metric,100,smt
318.186625,-297.999999,180.0,top,R3,,0603 (1608 Metric),R_0603_1608Metric,100,smt
403.175,-298.0,180.0,top,R4,,0603 (1608 Metric),R_0603_1608Metric,100,smt
488.186625,-297.999999,180.0,top,R5,,0603 (1608 Metric),R_0603_1608Metric,100,smt
573.175,-297.999999,180.0,top,R6,,0603 (1608 Metric),R_0603_1608Metric,100,smt
658.175,-297.999999,180.0,top,R7,,0603 (1608 Metric),R_0603_1608Metric,100,smt
743.186625,-297.999999,180.0,top,R8,,0603 (1608 Metric),R_0603_1608Metric,100,smt
421.4692,-301.325,-90.0,top,R9,,0603 (1608 Metric),R_0603_1608Metric,10k0,smt
151.0,-301.5,0.0,top,U1,IM73D122V01XTMA1,LGA-5,IM73D122V01,IM73D122V01,smt
417.5,-301.0,-90.0,top,U10,TPS7A4700RGWT,VQFN-20,RGW0020A-IPC_A,TPS7A4700RGWT,smt
426.1638,-302.25,90.0,top,U2,ADAU7118ACPZRL,None,LFCSP-16,ADAU7118,smt
236.0,-301.5,0.0,top,U3,IM73D122V01XTMA1,LGA-5,IM73D122V01,IM73D122V01,smt
321.0,-301.5,0.0,top,U4,IM73D122V01XTMA1,LGA-5,IM73D122V01,IM73D122V01,smt
406.0,-301.5,0.0,top,U5,IM73D122V01XTMA1,LGA-5,IM73D122V01,IM73D122V01,smt
491.0,-301.5,0.0,top,U6,IM73D122V01XTMA1,LGA-5,IM73D122V01,IM73D122V01,smt
576.0,-301.5,0.0,top,U7,IM73D122V01XTMA1,LGA-5,IM73D122V01,IM73D122V01,smt
661.0,-301.5,0.0,top,U8,IM73D122V01XTMA1,LGA-5,IM73D122V01,IM73D122V01,smt
746.0,-301.5,0.0,top,U9,IM73D122V01XTMA1,LGA-5,IM73D122V01,IM73D122V01,smt
